MMR,beta,five,model,rank,test,timeTest,timeTotal,timeTrain,two
0.51521210760487091,0.0001,5,NMF,8,200,[],[],[],2
0.55101349926017107,0.001,5,NMF,7,200,[],[],[],2
0.5212177248595431,,5,NMF,,200,[],[],[],2
0.52175929867463944,0.0001,5,NMF,7,200,[],[],[],2
0.53892948996379741,0.001,5,NMF,8,200,[],[],[],2
